postalCode,ForwardSortationAreas_FSA,Longitude,Latitude,Geographic code,Population,Total pvt dwlgs,Pvt by res.
H0M,Akwesasne Region1A0: Akwesasne,45.6986,-73.5025,H0M,1202,763,364
H1A,Montreal(Pointe-aux-Trembles),45.6753,-73.5016,H1A,32516,14287,13832
H1B,Montréal-Est,45.632,-73.5075,H1B,20160,9400,9042
H1C,MontrealNortheast Rivière-des-Prairies,45.6656,-73.5367,H1C,14678,4734,4685
H1E,MontrealSouthwest Rivière-des-Prairies,45.6342,-73.5842,H1E,42420,16941,16437
H1G,MontrealNorth Montréal-Nord,45.6109,-73.6211,H1G,48556,21206,19661
H1H,MontrealSouth Montréal-Nord,45.5899,-73.6389,H1H,36127,16746,15448
H1J,MontrealWest Anjou,45.6097,-73.5794,H1J,10308,4893,4772
H1K,MontrealEast Anjou,45.6097,-73.5472,H1K,34821,14743,14110
H1L,MontrealNorth Mercier,45.6043,-73.5178,H1L,33468,17255,16096
H1M,MontrealWest Mercier,45.5883,-73.5572,H1M,29359,14691,13940
H1N,MontrealSoutheast Mercier,45.5779,-73.5304,H1N,23870,12299,11594
H1P,MontrealNorth Saint-Léonard,45.5966,-73.5928,H1P,18063,7606,7274
H1R,MontrealWest Saint-Léonard,45.5864,-73.6082,H1R,30903,12395,11761
H1S,MontrealSoutheast Saint-Léonard,45.5808,-73.5825,H1S,25737,10897,10402
H1T,MontrealNorth Rosemont,45.573,-73.5701,H1T,31338,16356,15321
H1V,Montreal(Maisonneuve),45.5585,-73.5386,H1V,22086,12408,11622
H1W,Montreal(Hochelaga),45.5442,-73.5468,H1W,28889,17043,15737
H1X,MontrealCentral Rosemont,45.5583,-73.5701,H1X,30366,16869,15826
H1Y,MontrealSouth Rosemont,45.5486,-73.5788,H1Y,27172,15256,14122
H1Z,MontrealWest Saint-Michel,45.5694,-73.6221,H1Z,35472,14627,13498
H2A,MontrealEast Saint-Michel,45.5618,-73.599,H2A,19651,9157,8574
H2B,MontrealNorth Ahuntsic,45.5741,-73.6507,H2B,17678,9255,8540
H2C,MontrealCentral Ahuntsic,45.5606,-73.6584,H2C,18692,9151,8698
H2E,MontrealNortheast Villeray,45.5514,-73.6116,H2E,24297,12582,11760
H2G,MontrealNortheast Petite-Patrie,45.5438,-73.5927,H2G,21981,12581,11762
H2H,MontrealNorth Plateau Mont-Royal,45.5374,-73.5735,H2H,14671,8368,7829
H2J,MontrealNorth Central Plateau Mont-Royal,45.5302,-73.5831,H2J,26559,16050,14820
H2K,MontrealNorth Centre-Sud(Sainte-Marie),45.5307,-73.5547,H2K,28727,17565,16157
H2L,MontrealSouth Centre-Sud(Le Village),45.5186,-73.5545,H2L,24222,15923,13983
H2M,MontrealEast Ahuntsic,45.5528,-73.6411,H2M,18621,9241,8769
H2N,MontrealSoueheast Ahuntsic,45.5394,-73.6513,H2N,6334,2884,2667
H2P,MontrealWest Villeray,45.5435,-73.6339,H2P,14693,7846,7420
H2R,MontrealSoutheast Villeray,45.5401,-73.6225,H2R,22436,12732,12023
H2S,MontrealSouthwest Petite-Patrie,45.5354,-73.6061,H2S,27359,15854,14880
H2T,MontrealWest Plateau Mont-Royal,45.5247,-73.5953,H2T,16272,9025,8305
H2V,Montreal(Outremont),45.5168,-73.6072,H2V,31323,13670,12440
H2W,MontrealSouth Central Plateau Mont-Royal,45.5176,-73.5804,H2W,11305,6938,5967
H2X,MontrealSoutheast Plateau Mont-Royal,45.5115,-73.5683,H2X,19901,15204,12017
H2Y,Montreal(Old Montreal),45.5057,-73.555,H2Y,3455,2944,2113
H2Z,MontrealNortheast Downtown,45.5052,-73.5622,H2Z,2313,1937,1438
H3A,MontrealNorth Downtown(McGill University),45.504,-73.5747,H3A,3580,3243,2159
H3B,MontrealEast Downtown,45.5005,-73.5684,H3B,581,636,301
H3C,"Montreal(Griffintown)(Includes Île Notre-Dame, Île Sainte-Hélène and Université de Montréal)",45.498,-73.5472,H3C,10877,7353,6275
H3E,Montreal(L'Île-Des-Soeurs),45.4594,-73.5501,H3E,20461,10272,9642
H3G,MontrealSoutheast Downtown(Concordia University),45.4987,-73.5793,H3G,7457,5802,4385
H3H,MontrealSouthwest Downtown,45.5009,-73.5877,H3H,19025,13595,11433
H3J,Montreal(Petite-Bourgogne),45.4861,-73.5732,H3J,11071,5353,5010
H3K,Montreal(Pointe-Saint-Charles),45.4805,-73.5554,H3K,14919,8351,7644
H3L,MontrealSouthwest Ahuntsic,45.5467,-73.6718,H3L,20636,10087,9369
H3M,MontrealNortheast Cartierville,45.5383,-73.6932,H3M,15478,6716,6363
H3N,Montreal(Parc-Extension),45.5302,-73.6327,H3N,28277,13223,12056
H3P,Mount RoyalNorth,45.5217,-73.6393,H3P,10208,3870,3650
H3R,Mount RoyalCentral,45.5101,-73.6478,H3R,9650,3832,3562
H3S,MontrealNorth Côte-des-Neiges,45.5063,-73.6297,H3S,33125,15950,14355
H3T,MontrealNortheast Côte-des-Neiges,45.5018,-73.6191,H3T,12817,7254,6194
H3V,MontrealEast Côte-des-Neiges,45.499,-73.6089,H3V,6648,4515,3941
H3W,MontrealSouthwest Côte-des-Neiges,45.4897,-73.6312,H3W,30678,13311,12233
H3X,Hampstead,45.4819,-73.6421,H3X,23069,10911,10040
H3Y,WestmountNorth,45.4876,-73.6045,H3Y,9747,3616,3385
H3Z,WestmountSouth,45.4825,-73.5933,H3Z,11813,6628,5852
H4A,MontrealNortheast Notre-Dame-de-Grâce,45.4717,-73.6149,H4A,26453,13105,11965
H4B,MontrealSouthwest Notre-Dame-de-Grâce,45.4604,-73.6303,H4B,20368,10928,10079
H4C,Montreal(Saint-Henri),45.4737,-73.5882,H4C,17052,10068,9279
H4E,Montreal(Ville Émard),45.4546,-73.5985,H4E,30513,15729,14720
H4G,MontrealNorth Verdun,45.4643,-73.5698,H4G,29488,16471,15354
H4H,MontrealSouth Verdun,45.4459,-73.5815,H4H,19268,9466,8990
H4J,MontrealCentral Cartierville,45.5313,-73.7091,H4J,18205,7712,7144
H4K,MontrealSouthwest Cartierville,45.5171,-73.7363,H4K,11257,4126,3938
H4L,MontrealInner Northeast Saint-Laurent,45.517,-73.6831,H4L,36795,14940,14030
H4M,MontrealEast Saint-Laurent,45.4979,-73.6886,H4M,12325,4742,4474
H4N,MontrealOuter Northeast Saint-Laurent,45.5263,-73.6649,H4N,29755,12365,11623
H4P,Mount RoyalSouth,45.4964,-73.6647,H4P,7149,3586,3312
H4R,MontrealCentral Saint-Laurent,45.5049,-73.7142,H4R,27065,11297,10628
H4S,MontrealSouthwest Saint-Laurent,45.4858,-73.7433,H4S,560,224,220
H4T,MontrealSoutheast Saint-Laurent,45.4752,-73.6961,H4T,0,1,0
H4V,Côte Saint-LucEast,45.4671,-73.6487,H4V,20338,9599,8794
H4W,Côte Saint-LucWest,45.47,-73.6686,H4W,24742,10472,9791
H4X,Côte Saint-LucMontreal West,45.4529,-73.6492,H4X,6289,2582,2409
H4Y,DorvalCentral (YUL),45.8654,-72.7614,H4Y,5,3,3
H4Z,Montreal(Tour de la Bourse),45.5061,-73.5573,H4Z,10,5,5
H5A,Montreal(Place Bonaventure),45.4992,-73.5646,H5A,0,0,0
H5B,Montreal(Complexe Desjardins),45.5066,-73.5623,H5B,5,2,2
H8N,MontrealNorthwest LaSalle,45.438,-73.6215,H8N,29465,13177,12342
H8P,MontrealSoutheast LaSalle,45.4011,-73.619,H8P,22706,10971,10280
H8R,Montreal(LaSalle and Ville Saint-Pierre),45.3994,-73.6506,H8R,29913,14205,13010
H8S,MontrealEast Lachine,45.4402,-73.6747,H8S,24407,11897,10912
H8T,MontrealWest Lachine,45.4419,-73.7057,H8T,14796,6950,6575
H8Y,Montreal(Roxboro),45.5084,-73.8075,H8Y,19057,7725,7340
H8Z,Montreal(East Pierrefonds),45.5069,-73.8407,H8Z,15161,5730,5578
H9A,Dollard-des-OrmeauxNorthwest,45.4948,-73.8317,H9A,15691,5394,5269
H9B,Dollard-des-OrmeauxEast,45.4897,-73.7958,H9B,20943,7619,7405
H9C,MontrealNortheast L'Île-Bizard,45.5055,-73.8789,H9C,11613,4130,4049
H9E,MontrealSouthwest L'Île-Bizard,45.4865,-73.9092,H9E,3098,1281,1200
H9G,Dollard-des-OrmeauxSouthwest,45.4756,-73.8367,H9G,15512,5799,5708
H9H,Montreal(Central Pierrefonds & Sainte-Geneviève),45.4683,-73.8565,H9H,25449,9802,9510
H9J,Kirkland(East),45.4501,-73.8659,H9J,21728,7638,7433
H9K,Montreal(West Pierrefonds) &Kirkland (West),45.4577,-73.9162,H9K,8557,2802,2737
H9P,DorvalOutskirts,45.4679,-73.7748,H9P,3925,1541,1505
H9R,Pointe-ClaireNorth Central,45.4487,-73.8167,H9R,23861,9342,9023
H9S,Pointe-ClaireDorvalL'Île-Dorval,45.4414,-73.7749,H9S,22580,10830,10244
H9W,Beaconsfield,45.4334,-73.8659,H9W,19324,6828,6662
H9X,Sainte-Anne-de-BellevueBaie-D'UrféSenneville,45.4062,-73.9456,H9X,9702,3951,3640
